response_index,grounded,coherent,overall,grounded_expl,coherent_expl
0,3.0,4.0,3.5,"The response is somewhat grounded as it references jazz music, which is mentioned in the context of ""The Color Purple"" musical at the Kennedy Center.","The response is coherent as it continues the conversation about Washington D.C. by introducing a new topic related to the city, which is a natural progression in a casual conversation."
1,4.0,5.0,4.5,"The response is grounded as it correctly references the high salary of Mack and the financial commitments the Raiders had with Carr and Gruden, which are mentioned in the provided knowledge.","The response is coherent as it continues the conversation about NFL, addresses the user's speculation about Khalil Mack's salary, and shares the assistant's favorite team, which relates to the user's question."
2,3.0,5.0,4.0,"The response is somewhat grounded as it references Belichick's desire to win, which aligns with his history of success mentioned in the provided knowledge, but it does not directly address the specific details about his playoff win with the Browns.","The response is coherent as it continues the discussion about Bill Belichick's potential hiring decisions based on strategic value, using a humorous exaggeration to emphasize the point."
4,5.0,4.0,4.5,The response is grounded as it refers to the provided knowledge about Georgia Tech's dominant win.,The response is coherent as it references a historical football game that fits the context of discussing difficult-to-support teams and lopsided scores.
5,1.0,1.0,1.0,"The response is ungrounded as it does not refer to the provided knowledge about the origin of the term ""trunk"" for a car's storage area.",The response is incoherent because it abruptly changes the subject from underwater cables to cars without a natural transition or connection to the previous topic.
7,1.0,1.0,1.0,The response is ungrounded as it incorrectly applies the Canadian law about radio content to the planet Jupiter in a nonsensical manner.,The response is incoherent as it introduces an unrelated topic about Canadian radio content laws which do not logically connect to the discussion about Jupiter's storms being heard on the radio.
8,5.0,5.0,5.0,The response is grounded as it correctly refers to the provided knowledge about the hamburger button.,The response is coherent as it continues the conversation about website design with a relevant fact about a common user interface element.
9,1.0,5.0,3.0,The response does not reference the provided knowledge about Pixar's secret room and instead introduces an unrelated topic about celebrities.,"The response is coherent as it naturally follows the User's comments about the accessibility of YouTube and the changing nature of celebrity, tying in the concept of ""homegrown"" celebrities versus traditional Hollywood stars."
11,1.0,5.0,3.0,"The response is not grounded in the provided knowledge as it speculatively connects zebrafish genetics to immortality, which is not mentioned or implied in the provided knowledge.","The response is coherent as it logically follows the User's mention of an immortal jellyfish species and the Assistant's musings on immortality, connecting it to human interest in the topic."
12,5.0,4.0,4.5,"The response is grounded as it correctly references the historical fact that until 1805, the runner-up in a U.S. presidential election became the vice president.","The response is coherent as it continues the conversation about presidents and their roles, but it introduces a new fact about historical presidential elections which is loosely related to the previous turns."
13,1.0,4.0,2.5,"The response does not reference any of the provided knowledge about Doug Harvey's career, his death, or his approach to umpiring and is therefore ungrounded.","The response is coherent as it continues the conversation about the value of baseball cards and speculates on the conditions under which a manager's card might be valuable, which is relevant to the user's question."
15,1.0,1.0,1.0,"The response does not utilize the provided knowledge about Bill Murray's opinion on ""Kung Fu Hustle"" and instead introduces an unrelated personal opinion about Bill Murray.","The response is incoherent because it ignores the user's description of ""Kung Fu Hustle"" and instead focuses on the assistant's personal preference, which was not solicited or relevant to the conversation."
16,5.0,5.0,5.0,The response is grounded as it correctly references the provided knowledge about baseball managers being able to play for their teams if necessary.,"The response is coherent as it continues the baseball discussion, acknowledges the user's comment about Murphy, and adds an interesting fact about managers, which is relevant to the conversation about baseball personnel."
17,1.0,5.0,3.0,The response does not acknowledge the provided knowledge about the lawsuit due to a bad concert and instead makes a generic positive statement about the band's talent.,The response is coherent as it acknowledges the user's statement about the Foo Fighters' loud concert and adds a relevant opinion about the band's talent.
18,3.0,4.0,3.5,"The response is grounded as it correctly references Brad Johnson, the NFL quarterback known for throwing a touchdown pass to himself, but the mention of Halo is unrelated and not grounded in the provided knowledge.","The response is coherent as it continues the theme of discussing quarterbacks and their skills, although it introduces a new fact about Brad Johnson that is tangentially related to the conversation about quarterbacks' talents outside of football."
19,5.0,4.0,4.5,"The response is grounded as it correctly mentions Kyle Kinane's special on Netflix and his stand-up performance at a Washington DC club, both of which are referenced in the provided knowledge.","The response is coherent as it continues the conversation about Kyle Kinane, a comedian who could have a special on Netflix and perform in clubs, including in Washington DC."
20,4.0,4.0,4.0,"The response is grounded as it correctly restates the budget and box office earnings of the movie ""Trojan War,"" but it also questions the accuracy of the information, which is not necessarily ungrounded.","The response is coherent as it continues the discussion about box office earnings by providing an example of a movie that performed poorly, which is relevant to the conversation."
21,4.0,5.0,4.5,"The response is grounded as it correctly mentions Reggie Miller's sister Cheryl, who also played basketball.","The response is coherent as it provides relevant background information about Reggie Miller, who was mentioned in the previous turn, and introduces additional related information about his sister Cheryl."
22,5.0,3.0,4.0,The response is grounded as it accurately reflects the provided knowledge about Earth's history and the proportion of time humans have been present.,"The response is somewhat coherent as it continues the theme of discussing Earth's history and humanity's place in it, but it does not address the user's comment about helium depletion."
23,1.0,1.0,1.0,"The response incorrectly states that LeBron James is the highest paid celebrity and that Judge Judy is right behind him, which is not supported by the provided knowledge.","The response is incoherent because it abruptly shifts the topic to celebrity earnings and Judge Judy, which is unrelated to the previous discussion about LeBron James' charitable actions and his involvement with ""Space Jam."
24,3.0,4.0,3.5,"The response incorrectly refers to Bill Belichick as ""she,"" but it does correctly mention that he is the winningest coach in the NFL for the postseason, which is grounded in the provided knowledge.","The response is coherent as it naturally follows the user's mention of Brady's wife's salary, prompting a question about her profession, but it slightly deviates by bringing up Belichick, which is not directly related to the previous turn."
25,1.0,4.0,2.5,"The response is ungrounded as it introduces an unrelated and speculative idea about bodies being buried, which is not connected to the provided knowledge about land ownership.","The response is coherent as it continues the playful and speculative tone of the conversation, responding directly to the User's comment about government land ownership in Nevada with a humorous and conspiratorial question."
26,1.0,4.0,2.5,The response is ungrounded as it asks a question about information that was already provided in the knowledge snippet.,The response is coherent as it continues the topic of sports and introduces a related trivia question about a specific football team's visitor locker room.
27,5.0,3.0,4.0,The response is grounded as it correctly refers to the provided knowledge about baseball managers being able to play for their teams.,"The response is somewhat coherent as it stays on the topic of baseball, but it is a non-sequitur that doesn't directly relate to the user's mention of their favorite team."
28,1.0,4.0,2.5,The response is ungrounded as it does not refer to the provided knowledge about the highest score in a football game and instead introduces an unrelated topic of salary differences.,"The response is coherent as it naturally continues the conversation about sports trivia and salaries, even though it shifts from football to bowling."
29,1.0,5.0,3.0,"The response is ungrounded as it does not mention or refer to the provided knowledge about U2 or their alter ego, the Dalton Brothers.","The response is coherent as it naturally continues the conversation about musical instruments and references a specific type of guitar, which is relevant to the User's previous mention of the Fender Stratocaster."
30,1.0,1.0,1.0,"The response does not reference the provided knowledge about Billy Mays' funeral attire and instead makes a general, unrelated statement about clothing and appearance.",The response is incoherent because it abruptly shifts the topic to the Cultural Revolution in China without providing relevant context or a clear connection to the previous discussion about polo shirts and tennis players.
32,5.0,2.0,3.5,The response is grounded as it correctly refers to the provided knowledge that women can play in the NFL if they meet the eligibility requirements.,The response is somewhat incoherent as it introduces a new topic about women in the NFL without any prior context or relevance to the previous conversation about specific male NFL players.
33,5.0,4.0,4.5,The response is grounded as it directly references the provided knowledge about the evolutionary origin of hiccups.,"The response is coherent as it provides a fact that could be seen as an interesting piece of trivia, similar to the previous facts shared in the conversation, even though it abruptly changes the subject from radio dramas to hiccups."
34,1.0,4.0,2.5,"The response does not directly address the provided knowledge about people fantasy drafting the national spelling bee and instead talks about fantasy football and its evolution, which is unrelated.","The response is coherent as it continues the conversation about football and its historical context, relating to the user's mention of the 1960s."
35,5.0,2.0,3.5,The response is grounded as it correctly refers to the provided knowledge about a radio station that translates solar activity into sound.,"The response is somewhat incoherent as it introduces an unrelated fact about a radio station and the sun's music, which does not naturally connect to the user's previous message about visiting Korea and potentially learning about ""compliment battle"" freestyle."
36,5.0,3.0,4.0,The response accurately reflects the provided knowledge by reiterating that the fiddle and violin are the same instrument and that the difference lies in the music played.,"The response is somewhat coherent as it continues the topic of violins from the previous turn, but it introduces new information that is not directly connected to the user's comment about the price of a violin bow."
37,5.0,1.0,3.0,"The response is grounded as it references the provided knowledge about new Google employees being called ""nooglers.",The response is incoherent as it abruptly changes the topic from a discussion about science and helium to talking about Google employees without any natural transition or connection to the previous conversation.
38,5.0,2.0,3.5,The response is grounded as it acknowledges the fact that the video game sequel was released before the movie sequel.,"The response introduces an unrelated fact about a video game sequel which was not previously mentioned in the conversation, making it somewhat incoherent with the immediate discussion about the movie's cast and director."
39,5.0,4.0,4.5,The response is grounded as it correctly refers to the provided knowledge about the swimming styles of Native Americans and the British.,The response is coherent as it continues the topic of swimming techniques and provides historical context related to the user's previous message.
40,5.0,3.0,4.0,The response is grounded as it correctly identifies Trump as a Republican and references the provided knowledge about the absence of a non-Republican or Democrat president since 1853.,"The response is coherent as it continues the political theme of the conversation, but it introduces a new fact about presidential party affiliations that is not directly related to the previous turns."
41,5.0,5.0,5.0,The response correctly uses the provided knowledge about Stubbs the cat being the mayor since 1997.,"The response is coherent as it provides a factually relevant continuation about Stubbs the cat, which directly relates to the User's previous message about a cat being a mayor."
42,5.0,4.0,4.5,"The response directly restates the provided knowledge, showing that it is well-grounded in the information given.","The response is coherent as it continues the theme of basketball and introduces a related fact about the financial aspects of sports, which is a natural progression from discussing the history and development of the game."
44,5.0,1.0,3.0,The response is grounded as it directly refers to the provided knowledge about bowlers' earnings compared to football stars in the 1960s.,"The response is incoherent because it abruptly shifts the topic from the color of the locker room to the popularity and earnings of bowlers, without a clear connection to the previous conversation about the locker room color."
45,1.0,4.0,2.5,The response is ungrounded as it does not acknowledge the provided knowledge about BenJarvus Green-Ellis's fumble record.,"The response is coherent as it introduces a new but related topic about a specific NFL player, which is a natural progression in a conversation about the NFL."
46,1.0,5.0,3.0,The response does not refer to the provided knowledge about the website with classic radio dramas and seems unrelated to any previous conversation context.,"The response is coherent as it naturally continues the light-hearted, casual tone of the conversation, transitioning smoothly from discussing Shakespeare to a personal preference topic."
47,5.0,3.0,4.0,"The response is grounded as it correctly references the ""library of things"" at the Sacramento Public Library and mentions sewing machines as an example of items that can be borrowed.","The response is somewhat coherent as it continues the topic of libraries but introduces an unrelated detail about borrowing sewing machines, which does not directly connect to the previous conversation about ebooks and the feel of paper books."
48,5.0,1.0,3.0,The response is grounded as it directly references the provided knowledge about Taylor Swift walking backwards to avoid having her photo taken.,The response is incoherent as it abruptly shifts the topic to an unrelated fact about Taylor Swift without acknowledging the user's previous statement about her music on Spotify.
50,1.0,1.0,1.0,The response is ungrounded as it does not follow from the provided knowledge and instead introduces an unrelated topic about using Audible.,The response is incoherent because it introduces an unrelated fact about C.S. Lewis and Tolkien that does not connect naturally with the previous conversation about reading habits and preferences.
51,4.0,4.0,4.0,The response acknowledges the topic of the conversation by correctly identifying Predictim as the subject being discussed.,"The response is coherent as it follows up on the user's mention of a specific issue, suggesting a possible context (Predictim) that could be related to the babysitter-rating system."
52,4.0,5.0,4.5,"The response is grounded in the provided knowledge, mentioning Brad Bird's role as the director and the voice of Edna Mode, but it inaccurately states that he wrote the movie, which was not mentioned in the provided knowledge.","The response is coherent and relevant, providing information about the writer and director of the movie, which directly addresses the user's question."
53,1.0,5.0,3.0,The response does not address the provided knowledge about the New Orleans Saints cheerleaders' restrictions and instead shifts the topic to personal preferences in football watching.,"The response is coherent as it continues the conversation about football preferences and inquires about the user's favorite team, which is a natural follow-up question."
55,5.0,4.0,4.5,The response is grounded as it directly references the Burger King promotion mentioned in the provided knowledge.,"The response is coherent as it continues the conversation about Facebook usage and introduces a related anecdote about a Burger King promotion, which is a natural way to extend the discussion."
56,5.0,1.0,3.0,The response is grounded as it correctly refers to the fact that the UN appointed an ambassador for extraterrestrial contact.,The response is incoherent as it abruptly changes the subject to aliens and UN-appointed ambassadors without any connection to the previous discussion about the Earth's rotation and helium depletion.
57,4.0,5.0,4.5,"The response is grounded as it acknowledges the event of the Creed concert where attendees sued the band, and speculates on possible reasons for the lawsuit, which is a reasonable extension of the provided knowledge.","The response is coherent as it continues the topic of concerts and specifically addresses the User's mention of a bad concert experience, which is a natural progression in the conversation."
58,5.0,5.0,5.0,"The response is grounded as it correctly refers to the clock that is supposed to run for 10,000 years, which is mentioned in the provided knowledge.","The response is coherent as it continues the conversation about Amazon, which the user brought up, and addresses the specific topic of Jeff Bezos and the clock, showing awareness of the subject."
59,5.0,1.0,3.0,The response is grounded as it refers to the provided knowledge about the Indonesian president releasing pop albums.,The response is incoherent because it abruptly changes the subject to the president of Indonesia without any connection to the previous conversation about U.S. presidents and the White House.
